best_model,accuracy,f1
svm_rbf,0.3333333333333333,0.3333333333333333
