model,accuracy,f1
svm_rbf,0.8333333333333334,0.8571428571428571
logistic_regression,0.6666666666666666,0.75
random_forest,0.5,0.5714285714285714
